{
    "clip_end": 100,
    "clip_start": 0.1,
    "focal_length": 22.63,
    "name": "P12",
    "position": [
        -0.5652350944158128,
        0.08312633530675215,
        1.2781233510186787
    ],
    "projection": "perspective",
    "rotation": [
        -18.4292036732051,
        0,
        -8
    ],
    "sensor_fit": "horizontal",
    "sensor_height": 16,
    "sensor_width": 16
}