{
    "clip_end": 100,
    "clip_start": 0.1,
    "focal_length": 22.63,
    "name": "P14",
    "position": [
        -0.0,
        1.1747001407070334,
        -0.7616295552451177
    ],
    "projection": "perspective",
    "rotation": [
        -8.429203673205103,
        0,
        0
    ],
    "sensor_fit": "horizontal",
    "sensor_height": 16,
    "sensor_width": 16
}