{
    "clip_end": 100,
    "clip_start": 0.1,
    "focal_length": 22.63,
    "name": "P15",
    "position": [
        0.0,
        -0.5713148865387487,
        1.2781233510186787
    ],
    "projection": "perspective",
    "rotation": [
        -18.4292036732051,
        0,
        0
    ],
    "sensor_fit": "horizontal",
    "sensor_height": 16,
    "sensor_width": 16
}