{
    "clip_end": 100,
    "clip_start": 0.1,
    "focal_length": 22.63,
    "name": "P17",
    "position": [
        -1.1621992715181504,
        -0.17091891018785643,
        -0.7616295552451177
    ],
    "projection": "perspective",
    "rotation": [
        -8.429203673205103,
        0,
        8
    ],
    "sensor_fit": "horizontal",
    "sensor_height": 16,
    "sensor_width": 16
}