{
    "clip_end": 100,
    "clip_start": 0.1,
    "focal_length": 22.63,
    "name": "P2",
    "position": [
        0.6477610000442264,
        0.9799622989680918,
        -0.7616295552451177
    ],
    "projection": "perspective",
    "rotation": [
        -8.429203673205103,
        0,
        -32
    ],
    "sensor_fit": "horizontal",
    "sensor_height": 16,
    "sensor_width": 16
}