{
    "clip_end": 100,
    "clip_start": 0.1,
    "focal_length": 22.63,
    "name": "P30",
    "position": [
        -0.3600437392320403,
        -0.5446905423494293,
        1.4607124011642043
    ],
    "projection": "perspective",
    "rotation": [
        -18.4292036732051,
        0,
        -32
    ],
    "sensor_fit": "horizontal",
    "sensor_height": 16,
    "sensor_width": 16
}