{
    "clip_end": 100,
    "clip_start": 0.1,
    "focal_length": 22.63,
    "name": "P31",
    "position": [
        1.4489253792105983,
        -0.6786864117391952,
        0.0
    ],
    "projection": "perspective",
    "rotation": [
        1.5707963267948966,
        0,
        -24
    ],
    "sensor_fit": "horizontal",
    "sensor_height": 16,
    "sensor_width": 16
}