{
    "clip_end": 100,
    "clip_start": 0.1,
    "focal_length": 22.63,
    "name": "P32",
    "position": [
        -1.2157520334519154,
        0.5694664452614173,
        -0.8704337774229917
    ],
    "projection": "perspective",
    "rotation": [
        -8.429203673205103,
        0,
        -24
    ],
    "sensor_fit": "horizontal",
    "sensor_height": 16,
    "sensor_width": 16
}