{
    "clip_end": 100,
    "clip_start": 0.1,
    "focal_length": 22.63,
    "name": "P41",
    "position": [
        -0.0,
        1.342514446522324,
        -0.8704337774229917
    ],
    "projection": "perspective",
    "rotation": [
        -8.429203673205103,
        0,
        0
    ],
    "sensor_fit": "horizontal",
    "sensor_height": 16,
    "sensor_width": 16
}