{
    "clip_end": 100,
    "clip_start": 0.1,
    "focal_length": 22.63,
    "name": "P44",
    "position": [
        -1.3282277388778863,
        -0.19533589735755022,
        -0.8704337774229917
    ],
    "projection": "perspective",
    "rotation": [
        -8.429203673205103,
        0,
        8
    ],
    "sensor_fit": "horizontal",
    "sensor_height": 16,
    "sensor_width": 16
}