{
    "clip_end": 100,
    "clip_start": 0.1,
    "focal_length": 22.63,
    "name": "P45",
    "position": [
        0.6459829650466432,
        0.0950015260648596,
        1.4607124011642043
    ],
    "projection": "perspective",
    "rotation": [
        -18.4292036732051,
        0,
        8
    ],
    "sensor_fit": "horizontal",
    "sensor_height": 16,
    "sensor_width": 16
}