{
    "clip_end": 100,
    "clip_start": 0.1,
    "focal_length": 22.63,
    "name": "P47",
    "position": [
        0.3865143618245415,
        -1.2856716871832052,
        -0.8704337774229917
    ],
    "projection": "perspective",
    "rotation": [
        -8.429203673205103,
        0,
        16
    ],
    "sensor_fit": "horizontal",
    "sensor_height": 16,
    "sensor_width": 16
}