{
    "clip_end": 100,
    "clip_start": 0.1,
    "focal_length": 22.63,
    "name": "P51",
    "position": [
        -0.5912804561620117,
        -0.27695975022726343,
        1.4607124011642043
    ],
    "projection": "perspective",
    "rotation": [
        -18.4292036732051,
        0,
        24
    ],
    "sensor_fit": "horizontal",
    "sensor_height": 16,
    "sensor_width": 16
}