{
    "clip_end": 100,
    "clip_start": 0.1,
    "focal_length": 22.63,
    "name": "P57",
    "position": [
        -0.4050492066360453,
        -0.612776860143108,
        1.64330145130973
    ],
    "projection": "perspective",
    "rotation": [
        -18.4292036732051,
        0,
        -32
    ],
    "sensor_fit": "horizontal",
    "sensor_height": 16,
    "sensor_width": 16
}