{
    "clip_end": 100,
    "clip_start": 0.1,
    "focal_length": 22.63,
    "name": "P59",
    "position": [
        -1.3677210376334048,
        0.6406497509190944,
        -0.9792379996008657
    ],
    "projection": "perspective",
    "rotation": [
        -8.429203673205103,
        0,
        -24
    ],
    "sensor_fit": "horizontal",
    "sensor_height": 16,
    "sensor_width": 16
}