{
    "clip_end": 100,
    "clip_start": 0.1,
    "focal_length": 22.63,
    "name": "P6",
    "position": [
        0.5173703991417603,
        -0.24233978144885548,
        1.2781233510186787
    ],
    "projection": "perspective",
    "rotation": [
        -18.4292036732051,
        0,
        -24
    ],
    "sensor_fit": "horizontal",
    "sensor_height": 16,
    "sensor_width": 16
}