{
    "clip_end": 100,
    "clip_start": 0.1,
    "focal_length": 22.63,
    "name": "P62",
    "position": [
        -0.43482865705260915,
        -1.4463806480811057,
        -0.9792379996008657
    ],
    "projection": "perspective",
    "rotation": [
        -8.429203673205103,
        0,
        -16
    ],
    "sensor_fit": "horizontal",
    "sensor_height": 16,
    "sensor_width": 16
}