{
    "clip_end": 100,
    "clip_start": 0.1,
    "focal_length": 22.63,
    "name": "P66",
    "position": [
        -0.7267308356774735,
        0.10687671682296705,
        1.64330145130973
    ],
    "projection": "perspective",
    "rotation": [
        -18.4292036732051,
        0,
        -8
    ],
    "sensor_fit": "horizontal",
    "sensor_height": 16,
    "sensor_width": 16
}