{
    "clip_end": 100,
    "clip_start": 0.1,
    "focal_length": 22.63,
    "name": "P68",
    "position": [
        -0.0,
        1.5103287523376143,
        -0.9792379996008657
    ],
    "projection": "perspective",
    "rotation": [
        -8.429203673205103,
        0,
        0
    ],
    "sensor_fit": "horizontal",
    "sensor_height": 16,
    "sensor_width": 16
}