{
    "clip_end": 100,
    "clip_start": 0.1,
    "focal_length": 22.63,
    "name": "P70",
    "position": [
        1.7808448439220872,
        0.2619000608555044,
        0.0
    ],
    "projection": "perspective",
    "rotation": [
        1.5707963267948966,
        0,
        8
    ],
    "sensor_fit": "horizontal",
    "sensor_height": 16,
    "sensor_width": 16
}