{
    "clip_end": 100,
    "clip_start": 0.1,
    "focal_length": 18,
    "name": "C11",
    "position": [
        0.9464377164840698,
        -1.3039699792861938,
        -0.5278862714767456
    ],
    "projection": "perspective",
    "rotation": [
        1.8874036073684692,
        -2.411655941614299e-08,
        0.6278406381607056
    ],
    "sensor_fit": "horizontal",
    "sensor_height": 16,
    "sensor_width": 16
}