{
    "clip_end": 100,
    "clip_start": 0.1,
    "focal_length": 18,
    "name": "C27B",
    "position": [
        1.6528704166412354,
        0.3377620577812195,
        0.14214923977851868
    ],
    "projection": "perspective",
    "rotation": [
        1.4867346286773682,
        -3.934612635703161e-09,
        1.7723699808120728
    ],
    "sensor_fit": "horizontal",
    "sensor_height": 16,
    "sensor_width": 16
}