{
    "clip_end": 100,
    "clip_start": 0.1,
    "focal_length": 18,
    "name": "C30A",
    "position": [
        -0.015859395265579224,
        -1.7133581638336182,
        0.035793665796518326
    ],
    "projection": "perspective",
    "rotation": [
        1.5499095916748047,
        -4.0610181883948826e-11,
        -0.009256061166524887
    ],
    "sensor_fit": "horizontal",
    "sensor_height": 16,
    "sensor_width": 16
}