{
    "clip_end": 100,
    "clip_start": 0.1,
    "focal_length": 18,
    "name": "C30E",
    "position": [
        0.5015557408332825,
        -1.576568841934204,
        -0.4391956627368927
    ],
    "projection": "perspective",
    "rotation": [
        1.8302783966064453,
        -2.3348317057525492e-08,
        0.3080068528652191
    ],
    "sensor_fit": "horizontal",
    "sensor_height": 16,
    "sensor_width": 16
}