{
    "clip_end": 100,
    "clip_start": 0.1,
    "focal_length": 18,
    "name": "P01C",
    "position": [
        -0.9133288264274597,
        1.2738617658615112,
        -0.5493687987327576
    ],
    "projection": "perspective",
    "rotation": [
        1.9079042673110962,
        -1.2375248559237662e-07,
        -2.519563674926758
    ],
    "sensor_fit": "horizontal",
    "sensor_height": 16,
    "sensor_width": 16
}