{
    "clip_end": 100,
    "clip_start": 0.1,
    "focal_length": 18,
    "name": "P03C",
    "position": [
        -1.6066315174102783,
        0.1606927514076233,
        0.5051057934761047
    ],
    "projection": "perspective",
    "rotation": [
        1.267613172531128,
        4.396764197167613e-08,
        -1.6704832315444946
    ],
    "sensor_fit": "horizontal",
    "sensor_height": 16,
    "sensor_width": 16
}