{
    "clip_end": 100,
    "clip_start": 0.1,
    "focal_length": 18,
    "name": "P12C",
    "position": [
        1.1606178283691406,
        -1.0070396661758423,
        -0.6091194152832031
    ],
    "projection": "perspective",
    "rotation": [
        1.9481998682022095,
        1.955762485295054e-08,
        0.8561296463012695
    ],
    "sensor_fit": "horizontal",
    "sensor_height": 16,
    "sensor_width": 16
}