{
    "clip_end": 100,
    "clip_start": 0.1,
    "focal_length": 18,
    "name": "P13C",
    "position": [
        1.1930127143859863,
        -1.0644701719284058,
        0.5259063839912415
    ],
    "projection": "perspective",
    "rotation": [
        1.253019094467163,
        -2.731092152430392e-08,
        0.8422774076461792
    ],
    "sensor_fit": "horizontal",
    "sensor_height": 16,
    "sensor_width": 16
}