{
    "clip_end": 100,
    "clip_start": 0.1,
    "focal_length": 18,
    "name": "P17R",
    "position": [
        1.4722095727920532,
        0.8336466550827026,
        0.09854421019554138
    ],
    "projection": "perspective",
    "rotation": [
        1.5126157999038696,
        -1.1221479212508711e-07,
        2.086034059524536
    ],
    "sensor_fit": "horizontal",
    "sensor_height": 16,
    "sensor_width": 16
}