{
    "clip_end": 100,
    "clip_start": 0.1,
    "focal_length": 18,
    "name": "P22L",
    "position": [
        -0.7942083477973938,
        1.0695596933364868,
        1.0302889347076416
    ],
    "projection": "perspective",
    "rotation": [
        0.9124983549118042,
        8.286712471772262e-08,
        -2.5028724670410156
    ],
    "sensor_fit": "horizontal",
    "sensor_height": 16,
    "sensor_width": 16
}