{
    "clip_end": 100,
    "clip_start": 0.1,
    "focal_length": 18,
    "name": "P23R",
    "position": [
        -1.1493957042694092,
        -0.37810784578323364,
        1.184249758720398
    ],
    "projection": "perspective",
    "rotation": [
        0.7961486577987671,
        8.638936321858637e-08,
        -1.2529850006103516
    ],
    "sensor_fit": "horizontal",
    "sensor_height": 16,
    "sensor_width": 16
}