{
    "clip_end": 100,
    "clip_start": 0.1,
    "focal_length": 18,
    "name": "P24L",
    "position": [
        1.2571964263916016,
        -0.4147132933139801,
        1.0498614311218262
    ],
    "projection": "perspective",
    "rotation": [
        0.9003092050552368,
        -5.117937007526052e-08,
        1.2521647214889526
    ],
    "sensor_fit": "horizontal",
    "sensor_height": 16,
    "sensor_width": 16
}