{
    "clip_end": 100,
    "clip_start": 0.1,
    "focal_length": 18,
    "name": "P24R",
    "position": [
        1.1230391263961792,
        -0.3769848942756653,
        1.191112995147705
    ],
    "projection": "perspective",
    "rotation": [
        0.7826669216156006,
        1.570493246561e-08,
        1.2469327449798584
    ],
    "sensor_fit": "horizontal",
    "sensor_height": 16,
    "sensor_width": 16
}