{
    "clip_end": 100,
    "clip_start": 0.1,
    "focal_length": 18,
    "name": "P26R",
    "position": [
        -1.0083426237106323,
        -0.8169363141059875,
        -1.0861605405807495
    ],
    "projection": "perspective",
    "rotation": [
        2.267671585083008,
        1.7648585526330862e-07,
        -0.8898802995681763
    ],
    "sensor_fit": "horizontal",
    "sensor_height": 16,
    "sensor_width": 16
}