{
    "clip_end": 100,
    "clip_start": 0.1,
    "focal_length": 18,
    "name": "P26S",
    "position": [
        1.0199134349822998,
        -0.8107123374938965,
        -1.0717426538467407
    ],
    "projection": "perspective",
    "rotation": [
        2.2591664791107178,
        -2.38105144489964e-08,
        0.899182915687561
    ],
    "sensor_fit": "horizontal",
    "sensor_height": 16,
    "sensor_width": 16
}