{
    "clip_end": 100,
    "clip_start": 0.1,
    "focal_length": 18,
    "name": "P27L",
    "position": [
        0.97763991355896,
        0.6522250175476074,
        -1.2215019464492798
    ],
    "projection": "perspective",
    "rotation": [
        2.3754963874816895,
        -2.5764814282069892e-08,
        2.159128189086914
    ],
    "sensor_fit": "horizontal",
    "sensor_height": 16,
    "sensor_width": 16
}